event_date,user_device_platform,user_country,daily_revenue
2020-01-01,Android,AT,0.99
2020-01-01,Android,AU,4.95
2020-01-01,Android,BE,9.98
2020-01-01,Android,BH,0.99
2020-01-01,Android,BR,2.9699999999999998
2020-01-01,Android,CA,26.950000000000003
2020-01-01,Android,CH,79.94999999999999
2020-01-01,Android,CL,10.98
2020-01-01,Android,CR,4.99
2020-01-01,Android,CZ,4.99
2020-01-01,Android,DE,84.89999999999999
2020-01-01,Android,ES,10.98
2020-01-01,Android,FI,75.96000000000001
2020-01-01,Android,FR,55.93
2020-01-01,Android,GB,88.92999999999999
2020-01-01,Android,HK,100.97999999999999
2020-01-01,Android,ID,6.93
2020-01-01,Android,IN,5.98
2020-01-01,Android,IT,17.94
2020-01-01,Android,JP,80.91
2020-01-01,Android,KR,623.71
2020-01-01,Android,MX,34.910000000000004
2020-01-01,Android,MY,9.99
2020-01-01,Android,NL,19.99
2020-01-01,Android,NO,10.98
2020-01-01,Android,PH,15.97
2020-01-01,Android,PL,11.97
2020-01-01,Android,RU,51.89
2020-01-01,Android,SA,4.95
2020-01-01,Android,SE,5.98
2020-01-01,Android,SV,0.99
2020-01-01,Android,TH,30.96
2020-01-01,Android,TR,5.98
2020-01-01,Android,TW,27.94
2020-01-01,Android,UA,4.99
2020-01-01,Android,US,1011.14
2020-01-01,Android,VN,10.98
2020-01-01,Android,ZA,0.99
2020-01-01,iOS,AF,220.95999999999998
2020-01-01,iOS,AU,68.91
2020-01-01,iOS,CA,76.93
2020-01-01,iOS,CH,4.99
2020-01-01,iOS,CN,123.83999999999999
2020-01-01,iOS,ES,4.99
2020-01-01,iOS,FR,25.97
2020-01-01,iOS,GB,69.97
2020-01-01,iOS,IQ,14.98
2020-01-01,iOS,IT,9.99
2020-01-01,iOS,JP,81.83
2020-01-01,iOS,KR,119.96000000000001
2020-01-01,iOS,MO,169.96999999999997
2020-01-01,iOS,MX,49.96
2020-01-01,iOS,MY,9.99
2020-01-01,iOS,PE,9.99
2020-01-01,iOS,PH,0.99
2020-01-01,iOS,RO,0.99
2020-01-01,iOS,RU,8.95
2020-01-01,iOS,SA,14.98
2020-01-01,iOS,TH,0.99
2020-01-01,iOS,TW,24.97
2020-01-01,iOS,UA,0.99
2020-01-01,iOS,US,803.3599999999999
2020-01-01,iOS,VN,64.97
2020-01-02,Android,AE,0.99
2020-01-02,Android,AT,0.99
2020-01-02,Android,AU,50.959999999999994
2020-01-02,Android,BE,20.979999999999997
2020-01-02,Android,BR,29.979999999999997
2020-01-02,Android,CA,12.97
2020-01-02,Android,CH,55.97
2020-01-02,Android,CL,0.99
2020-01-02,Android,DE,150.82999999999998
2020-01-02,Android,DK,9.98
2020-01-02,Android,ES,14.940000000000001
2020-01-02,Android,FI,89.97
2020-01-02,Android,FR,11.97
2020-01-02,Android,GB,80.82
2020-01-02,Android,GR,10.97
2020-01-02,Android,HU,9.98
2020-01-02,Android,ID,1.98
2020-01-02,Android,IE,24.979999999999997
2020-01-02,Android,IT,10.98
2020-01-02,Android,JP,65.88
2020-01-02,Android,KR,33.910000000000004
2020-01-02,Android,KZ,11.97
2020-01-02,Android,MX,13.950000000000001
2020-01-02,Android,MY,9.99
2020-01-02,Android,NL,184.95
2020-01-02,Android,NO,5.98
2020-01-02,Android,NZ,14.98
2020-01-02,Android,PH,0.99
2020-01-02,Android,PL,5.98
2020-01-02,Android,RS,4.99
2020-01-02,Android,RU,74.86
2020-01-02,Android,SE,4.99
2020-01-02,Android,TR,0.99
2020-01-02,Android,TW,49.96
2020-01-02,Android,UA,15.97
2020-01-02,Android,US,880.13
2020-01-02,iOS,AE,4.99
2020-01-02,iOS,AU,9.99
2020-01-02,iOS,BE,19.98
2020-01-02,iOS,BR,5.98
2020-01-02,iOS,CA,109.97
2020-01-02,iOS,CN,163.89
2020-01-02,iOS,DE,69.96000000000001
2020-01-02,iOS,ES,24.96
2020-01-02,iOS,FO,4.99
2020-01-02,iOS,FR,110.97
2020-01-02,iOS,GB,5.98
2020-01-02,iOS,ID,0.99
2020-01-02,iOS,IL,9.99
2020-01-02,iOS,IT,4.99
2020-01-02,iOS,JP,141.73
2020-01-02,iOS,KZ,9.99
2020-01-02,iOS,MO,9.99
2020-01-02,iOS,MY,1.99
2020-01-02,iOS,NL,9.98
2020-01-02,iOS,PH,0.99
2020-01-02,iOS,PL,4.99
2020-01-02,iOS,PR,9.99
2020-01-02,iOS,RU,73.92999999999999
2020-01-02,iOS,TH,10.97
2020-01-02,iOS,TR,25.96
2020-01-02,iOS,TT,0.99
2020-01-02,iOS,TW,0.99
2020-01-02,iOS,UA,2.9699999999999998
2020-01-02,iOS,UG,4.99
2020-01-02,iOS,US,760.46
2020-01-02,iOS,ZA,10.98
2020-01-03,Android,AU,4.99
2020-01-03,Android,BE,14.98
2020-01-03,Android,BR,17.95
2020-01-03,Android,CA,10.97
2020-01-03,Android,CH,49.99
2020-01-03,Android,CL,7.970000000000001
2020-01-03,Android,CO,1.98
2020-01-03,Android,CZ,20.979999999999997
2020-01-03,Android,DE,187.75
2020-01-03,Android,DK,0.99
2020-01-03,Android,EC,0.99
2020-01-03,Android,ES,0.99
2020-01-03,Android,FI,20.979999999999997
2020-01-03,Android,FR,1.99
2020-01-03,Android,GB,50.9
2020-01-03,Android,HK,30.97
2020-01-03,Android,ID,3.96
2020-01-03,Android,IE,4.99
2020-01-03,Android,IN,0.99
2020-01-03,Android,IT,0.99
2020-01-03,Android,JP,83.82000000000001
2020-01-03,Android,KR,154.89
2020-01-03,Android,KW,4.99
2020-01-03,Android,MU,0.99
2020-01-03,Android,MX,33.93
2020-01-03,Android,MY,0.99
2020-01-03,Android,NL,55.949999999999996
2020-01-03,Android,NO,9.99
2020-01-03,Android,PH,5.98
2020-01-03,Android,PL,12.96
2020-01-03,Android,PY,0.99
2020-01-03,Android,RO,0.99
2020-01-03,Android,RU,25.96
2020-01-03,Android,SE,24.96
2020-01-03,Android,SG,9.99
2020-01-03,Android,SK,9.99
2020-01-03,Android,TH,10.98
2020-01-03,Android,TR,-0.99
2020-01-03,Android,TW,29.979999999999997
2020-01-03,Android,UA,5.98
2020-01-03,Android,US,1230.02
2020-01-03,Android,VN,3.96
2020-01-03,Android,ZA,9.98
2020-01-03,iOS,AE,59.949999999999996
2020-01-03,iOS,AU,18.94
2020-01-03,iOS,BE,10.98
2020-01-03,iOS,BR,4.95
2020-01-03,iOS,CA,29.97
2020-01-03,iOS,CH,69.97
2020-01-03,iOS,CL,1.98
2020-01-03,iOS,CN,90.88
2020-01-03,iOS,DE,50.94
2020-01-03,iOS,ES,59.96
2020-01-03,iOS,FO,4.99
2020-01-03,iOS,FR,139.94
2020-01-03,iOS,GB,70.97
2020-01-03,iOS,ID,0.99
2020-01-03,iOS,IT,0.99
2020-01-03,iOS,JP,169.76
2020-01-03,iOS,KR,35.96
2020-01-03,iOS,KZ,69.97
2020-01-03,iOS,RO,0.99
2020-01-03,iOS,RU,29.97
2020-01-03,iOS,SA,4.95
2020-01-03,iOS,SE,14.98
2020-01-03,iOS,SG,4.99
2020-01-03,iOS,TH,0.99
2020-01-03,iOS,TR,9.98
2020-01-03,iOS,US,1056.0
2020-01-04,Android,AT,14.98
2020-01-04,Android,AU,83.86
2020-01-04,Android,BE,3.96
2020-01-04,Android,BR,9.94
2020-01-04,Android,BY,0.99
2020-01-04,Android,CA,53.92
2020-01-04,Android,CH,54.959999999999994
2020-01-04,Android,CL,6.970000000000001
2020-01-04,Android,CR,5.98
2020-01-04,Android,DE,94.82
2020-01-04,Android,DJ,69.98
2020-01-04,Android,FI,39.98
2020-01-04,Android,FR,20.96
2020-01-04,Android,GB,102.88
2020-01-04,Android,GR,14.98
2020-01-04,Android,HK,79.97
2020-01-04,Android,ID,4.95
2020-01-04,Android,IE,4.99
2020-01-04,Android,IN,1.98
2020-01-04,Android,JP,71.88
2020-01-04,Android,KR,127.89999999999999
2020-01-04,Android,KZ,10.98
2020-01-04,Android,MX,9.99
2020-01-04,Android,MY,29.979999999999997
2020-01-04,Android,NL,5.98
2020-01-04,Android,NO,14.98
2020-01-04,Android,PH,4.99
2020-01-04,Android,PK,0.99
2020-01-04,Android,PL,6.970000000000001
2020-01-04,Android,RU,65.88
2020-01-04,Android,TH,17.95
2020-01-04,Android,TR,1.98
2020-01-04,Android,TW,51.949999999999996
2020-01-04,Android,US,1115.01
2020-01-04,Android,VN,0.99
2020-01-04,Android,ZA,0.99
2020-01-04,iOS,AE,39.97
2020-01-04,iOS,AT,19.98
2020-01-04,iOS,AU,35.96
2020-01-04,iOS,BR,19.99
2020-01-04,iOS,CA,172.88
2020-01-04,iOS,CH,49.99
2020-01-04,iOS,CL,4.99
2020-01-04,iOS,CN,152.87
2020-01-04,iOS,DE,45.949999999999996
2020-01-04,iOS,FR,104.97999999999999
2020-01-04,iOS,GB,60.97
2020-01-04,iOS,HK,19.98
2020-01-04,iOS,IL,9.99
2020-01-04,iOS,IQ,9.99
2020-01-04,iOS,IT,59.980000000000004
2020-01-04,iOS,JP,211.82
2020-01-04,iOS,KR,125.91
2020-01-04,iOS,KW,9.99
2020-01-04,iOS,KZ,47.910000000000004
2020-01-04,iOS,NL,0.99
2020-01-04,iOS,RU,50.980000000000004
2020-01-04,iOS,TH,51.97
2020-01-04,iOS,TR,4.99
2020-01-04,iOS,TW,56.93
2020-01-04,iOS,US,999.23
2020-01-04,iOS,VN,49.99
2020-01-05,Android,AT,19.99
2020-01-05,Android,AU,43.92
2020-01-05,Android,BE,4.99
2020-01-05,Android,BG,0.99
2020-01-05,Android,BR,3.9699999999999998
2020-01-05,Android,CA,24.979999999999997
2020-01-05,Android,CH,210.91
2020-01-05,Android,CL,32.95
2020-01-05,Android,DE,89.84
2020-01-05,Android,DJ,19.99
2020-01-05,Android,ES,11.97
2020-01-05,Android,FR,25.97
2020-01-05,Android,GB,94.89
2020-01-05,Android,HR,1.98
2020-01-05,Android,HU,1.98
2020-01-05,Android,ID,1.98
2020-01-05,Android,IT,13.95
2020-01-05,Android,JP,63.760000000000005
2020-01-05,Android,KR,304.81
2020-01-05,Android,MX,14.940000000000001
2020-01-05,Android,MY,5.98
2020-01-05,Android,NL,1.98
2020-01-05,Android,NO,30.97
2020-01-05,Android,NZ,9.99
2020-01-05,Android,PL,54.959999999999994
2020-01-05,Android,RU,100.85
2020-01-05,Android,SE,21.950000000000003
2020-01-05,Android,TH,17.95
2020-01-05,Android,TR,0.99
2020-01-05,Android,TW,69.95
2020-01-05,Android,US,1418.86
2020-01-05,Android,VN,10.98
2020-01-05,Android,ZA,9.99
2020-01-05,iOS,AE,14.99
2020-01-05,iOS,AT,0.99
2020-01-05,iOS,AU,30.96
2020-01-05,iOS,BR,0.99
2020-01-05,iOS,CA,142.89000000000001
2020-01-05,iOS,CL,9.99
2020-01-05,iOS,CN,175.87
2020-01-05,iOS,DE,18.9
2020-01-05,iOS,ES,0.99
2020-01-05,iOS,FR,2.98
2020-01-05,iOS,GB,59.97
2020-01-05,iOS,JP,46.93
2020-01-05,iOS,KR,105.93
2020-01-05,iOS,KW,54.980000000000004
2020-01-05,iOS,KZ,0.99
2020-01-05,iOS,MO,49.99
2020-01-05,iOS,RU,40.91
2020-01-05,iOS,SE,4.99
2020-01-05,iOS,TR,19.99
2020-01-05,iOS,TW,9.99
2020-01-05,iOS,US,604.44
2020-01-06,Android,AE,19.99
2020-01-06,Android,AR,0.99
2020-01-06,Android,AT,2.9699999999999998
2020-01-06,Android,AU,75.92
2020-01-06,Android,BR,0.99
2020-01-06,Android,CA,17.95
2020-01-06,Android,CH,19.98
2020-01-06,Android,CO,10.98
2020-01-06,Android,CR,5.98
2020-01-06,Android,DE,12.96
2020-01-06,Android,FR,34.879999999999995
2020-01-06,Android,GB,18.94
2020-01-06,Android,GR,0.99
2020-01-06,Android,HK,9.99
2020-01-06,Android,JP,36.94
2020-01-06,Android,KR,185.85999999999999
2020-01-06,Android,LT,0.99
2020-01-06,Android,MX,5.9399999999999995
2020-01-06,Android,NO,14.98
2020-01-06,Android,NZ,0.99
2020-01-06,Android,PL,2.98
2020-01-06,Android,RO,0.99
2020-01-06,Android,RU,32.92
2020-01-06,Android,SE,10.98
2020-01-06,Android,TH,12.96
2020-01-06,Android,TW,20.97
2020-01-06,Android,UA,0.99
2020-01-06,Android,US,559.3
2020-01-06,iOS,AU,19.98
2020-01-06,iOS,BR,2.9699999999999998
2020-01-06,iOS,CA,101.93
2020-01-06,iOS,CN,132.79
2020-01-06,iOS,DE,51.92
2020-01-06,iOS,FR,1.98
2020-01-06,iOS,GB,20.979999999999997
2020-01-06,iOS,IQ,14.98
2020-01-06,iOS,JP,279.83
2020-01-06,iOS,KR,150.93
2020-01-06,iOS,KW,0.99
2020-01-06,iOS,MX,3.96
2020-01-06,iOS,MY,4.99
2020-01-06,iOS,NL,9.98
2020-01-06,iOS,RU,21.95
2020-01-06,iOS,SA,8.950000000000001
2020-01-06,iOS,TH,0.99
2020-01-06,iOS,TR,4.99
2020-01-06,iOS,TW,54.95
2020-01-06,iOS,US,520.59
2020-01-07,Android,AE,24.979999999999997
2020-01-07,Android,AT,0.99
2020-01-07,Android,BR,2.9699999999999998
2020-01-07,Android,CA,9.98
2020-01-07,Android,CH,69.98
2020-01-07,Android,CL,1.98
2020-01-07,Android,CO,0.99
2020-01-07,Android,CZ,19.92
2020-01-07,Android,DE,77.9
2020-01-07,Android,EE,9.99
2020-01-07,Android,EG,0.99
2020-01-07,Android,ES,1.98
2020-01-07,Android,FR,142.84
2020-01-07,Android,GB,38.93
2020-01-07,Android,ID,0.99
2020-01-07,Android,IT,0.99
2020-01-07,Android,JP,60.88
2020-01-07,Android,KR,38.93
2020-01-07,Android,MX,17.95
2020-01-07,Android,MY,9.99
2020-01-07,Android,NG,0.99
2020-01-07,Android,NO,4.99
2020-01-07,Android,PL,4.99
2020-01-07,Android,RU,69.91
2020-01-07,Android,SE,14.97
2020-01-07,Android,SG,9.99
2020-01-07,Android,TR,1.98
2020-01-07,Android,TW,49.99
2020-01-07,Android,UA,0.99
2020-01-07,Android,US,351.41
2020-01-07,iOS,AF,4.99
2020-01-07,iOS,AU,56.93
2020-01-07,iOS,BE,0.99
2020-01-07,iOS,BR,1.98
2020-01-07,iOS,CA,30.96
2020-01-07,iOS,CH,0.99
2020-01-07,iOS,CN,36.94
2020-01-07,iOS,CZ,4.99
2020-01-07,iOS,GB,0.99
2020-01-07,iOS,HU,0.99
2020-01-07,iOS,IL,19.99
2020-01-07,iOS,IT,0.99
2020-01-07,iOS,JP,26.86
2020-01-07,iOS,KR,19.98
2020-01-07,iOS,KZ,14.98
2020-01-07,iOS,MX,0.99
2020-01-07,iOS,NL,1.98
2020-01-07,iOS,PE,0.99
2020-01-07,iOS,PL,4.99
2020-01-07,iOS,RU,12.96
2020-01-07,iOS,SA,8.95
2020-01-07,iOS,TH,5.98
2020-01-07,iOS,TR,4.99
2020-01-07,iOS,TW,9.99
2020-01-07,iOS,US,266.6
2020-01-08,Android,AT,22.959999999999997
2020-01-08,Android,AU,31.95
2020-01-08,Android,BE,0.99
2020-01-08,Android,CA,15.96
2020-01-08,Android,CH,31.96
2020-01-08,Android,CL,1.99
2020-01-08,Android,CZ,9.99
2020-01-08,Android,DE,37.9
2020-01-08,Android,DJ,149.98
2020-01-08,Android,ES,4.99
2020-01-08,Android,FI,14.98
2020-01-08,Android,FR,162.88
2020-01-08,Android,GB,6.970000000000001
2020-01-08,Android,GR,4.99
2020-01-08,Android,HK,9.99
2020-01-08,Android,IQ,4.99
2020-01-08,Android,IT,2.9699999999999998
2020-01-08,Android,JP,41.95
2020-01-08,Android,KR,47.92
2020-01-08,Android,KZ,24.97
2020-01-08,Android,LU,0.99
2020-01-08,Android,MX,7.96
2020-01-08,Android,MY,11.97
2020-01-08,Android,NL,10.97
2020-01-08,Android,NO,9.99
2020-01-08,Android,PH,15.97
2020-01-08,Android,PL,5.98
2020-01-08,Android,RU,118.85
2020-01-08,Android,SE,4.99
2020-01-08,Android,SG,0.99
2020-01-08,Android,TH,9.98
2020-01-08,Android,TR,19.99
2020-01-08,Android,TW,17.950000000000003
2020-01-08,Android,UA,14.98
2020-01-08,Android,US,499.5
2020-01-08,iOS,AT,0.99
2020-01-08,iOS,AU,29.97
2020-01-08,iOS,BR,8.95
2020-01-08,iOS,CL,5.98
2020-01-08,iOS,CN,88.81
2020-01-08,iOS,CO,4.99
2020-01-08,iOS,CZ,10.97
2020-01-08,iOS,IQ,4.99
2020-01-08,iOS,IT,9.99
2020-01-08,iOS,JP,129.91
2020-01-08,iOS,KR,49.99
2020-01-08,iOS,LB,9.99
2020-01-08,iOS,MY,15.96
2020-01-08,iOS,RE,4.99
2020-01-08,iOS,RU,40.89
2020-01-08,iOS,SA,3.96
2020-01-08,iOS,SG,9.99
2020-01-08,iOS,TW,27.94
2020-01-08,iOS,UA,0.99
2020-01-08,iOS,US,295.65999999999997
2020-01-09,Android,AU,17.96
2020-01-09,Android,BR,9.98
2020-01-09,Android,CA,45.94
2020-01-09,Android,CL,2.9699999999999998
2020-01-09,Android,CO,1.98
2020-01-09,Android,CZ,24.979999999999997
2020-01-09,Android,DE,187.79999999999998
2020-01-09,Android,DJ,49.99
2020-01-09,Android,DK,0.99
2020-01-09,Android,EE,9.99
2020-01-09,Android,ES,1.99
2020-01-09,Android,FR,20.97
2020-01-09,Android,GB,12.96
2020-01-09,Android,GR,0.99
2020-01-09,Android,HK,4.99
2020-01-09,Android,HR,1.98
2020-01-09,Android,ID,5.9399999999999995
2020-01-09,Android,IN,0.99
2020-01-09,Android,IT,56.89
2020-01-09,Android,JP,31.91
2020-01-09,Android,KR,81.91
2020-01-09,Android,KZ,29.99
2020-01-09,Android,MX,4.99
2020-01-09,Android,MY,0.99
2020-01-09,Android,NZ,0.99
2020-01-09,Android,PK,4.99
2020-01-09,Android,PL,5.98
2020-01-09,Android,RO,9.99
2020-01-09,Android,RU,40.92
2020-01-09,Android,SE,8.950000000000001
2020-01-09,Android,TH,0.99
2020-01-09,Android,TR,19.99
2020-01-09,Android,UA,9.99
2020-01-09,Android,US,491.21999999999997
2020-01-09,iOS,AU,51.93
2020-01-09,iOS,BR,41.94
2020-01-09,iOS,CA,42.93
2020-01-09,iOS,CL,0.99
2020-01-09,iOS,CN,53.9
2020-01-09,iOS,ES,25.96
2020-01-09,iOS,FR,19.99
2020-01-09,iOS,GB,5.98
2020-01-09,iOS,IL,19.99
2020-01-09,iOS,JP,33.92
2020-01-09,iOS,KR,64.97
2020-01-09,iOS,KW,4.99
2020-01-09,iOS,KZ,9.99
2020-01-09,iOS,NL,4.99
2020-01-09,iOS,PL,4.99
2020-01-09,iOS,QA,4.99
2020-01-09,iOS,RU,19.92
2020-01-09,iOS,SA,15.98
2020-01-09,iOS,TH,10.98
2020-01-09,iOS,TR,1.98
2020-01-09,iOS,TW,6.970000000000001
2020-01-09,iOS,UA,2.9699999999999998
2020-01-09,iOS,US,366.62
2020-01-09,iOS,VN,0.99
2020-01-10,Android,AT,29.979999999999997
2020-01-10,Android,AU,73.89
2020-01-10,Android,AZ,0.99
2020-01-10,Android,BR,18.94
2020-01-10,Android,CA,44.97
2020-01-10,Android,CH,19.99
2020-01-10,Android,CL,16.92
2020-01-10,Android,CZ,0.99
2020-01-10,Android,DE,240.77
2020-01-10,Android,DK,4.99
2020-01-10,Android,EE,9.99
2020-01-10,Android,ES,0.99
2020-01-10,Android,FI,9.99
2020-01-10,Android,FR,35.96
2020-01-10,Android,GB,51.910000000000004
2020-01-10,Android,HK,59.95
2020-01-10,Android,HR,1.98
2020-01-10,Android,HU,4.99
2020-01-10,Android,ID,10.98
2020-01-10,Android,IQ,10.98
2020-01-10,Android,IT,22.95
2020-01-10,Android,JP,115.67
2020-01-10,Android,KR,167.85999999999999
2020-01-10,Android,KZ,9.99
2020-01-10,Android,MX,38.93
2020-01-10,Android,MY,0.99
2020-01-10,Android,NG,9.99
2020-01-10,Android,NL,96.94
2020-01-10,Android,PE,22.959999999999997
2020-01-10,Android,PL,10.98
2020-01-10,Android,PT,9.99
2020-01-10,Android,RU,314.87
2020-01-10,Android,SE,66.91
2020-01-10,Android,SG,9.99
2020-01-10,Android,TH,7.96
2020-01-10,Android,TR,40.95
2020-01-10,Android,TW,10.98
2020-01-10,Android,UA,0.99
2020-01-10,Android,US,1073.6299999999999
2020-01-10,iOS,AU,62.91
2020-01-10,iOS,BR,11.96
2020-01-10,iOS,CA,20.96
2020-01-10,iOS,CN,37.88
2020-01-10,iOS,DE,19.98
2020-01-10,iOS,EC,4.99
2020-01-10,iOS,ES,20.97
2020-01-10,iOS,FR,99.99
2020-01-10,iOS,GB,29.979999999999997
2020-01-10,iOS,GU,0.99
2020-01-10,iOS,IQ,9.99
2020-01-10,iOS,IT,4.99
2020-01-10,iOS,JP,206.89
2020-01-10,iOS,KR,59.980000000000004
2020-01-10,iOS,KW,29.979999999999997
2020-01-10,iOS,MX,0.99
2020-01-10,iOS,NL,20.979999999999997
2020-01-10,iOS,NO,0.99
2020-01-10,iOS,PA,4.99
2020-01-10,iOS,QA,5.98
2020-01-10,iOS,RU,27.93
2020-01-10,iOS,TH,2.9699999999999998
2020-01-10,iOS,TR,9.99
2020-01-10,iOS,TW,30.950000000000003
2020-01-10,iOS,US,907.14
2020-01-11,Android,AE,0.99
2020-01-11,Android,AR,1.98
2020-01-11,Android,AT,11.97
2020-01-11,Android,AU,11.97
2020-01-11,Android,BR,3.96
2020-01-11,Android,CA,11.96
2020-01-11,Android,CL,4.99
2020-01-11,Android,CY,45.959999999999994
2020-01-11,Android,CZ,5.98
2020-01-11,Android,DE,33.92
2020-01-11,Android,DJ,49.99
2020-01-11,Android,ES,0.99
2020-01-11,Android,FI,14.94
2020-01-11,Android,FR,60.95
2020-01-11,Android,GB,98.84
2020-01-11,Android,HK,20.979999999999997
2020-01-11,Android,HU,16.96
2020-01-11,Android,ID,6.970000000000001
2020-01-11,Android,IN,0.99
2020-01-11,Android,IT,14.940000000000001
2020-01-11,Android,JP,168.79
2020-01-11,Android,KR,163.82
2020-01-11,Android,LT,9.99
2020-01-11,Android,MX,37.93
2020-01-11,Android,MY,16.950000000000003
2020-01-11,Android,NL,59.93
2020-01-11,Android,NO,9.99
2020-01-11,Android,NZ,0.99
2020-01-11,Android,PH,22.95
2020-01-11,Android,PT,9.99
2020-01-11,Android,RU,26.89
2020-01-11,Android,SE,98.89999999999999
2020-01-11,Android,SG,9.99
2020-01-11,Android,TH,24.93
2020-01-11,Android,TR,15.97
2020-01-11,Android,TW,10.98
2020-01-11,Android,US,1348.55
2020-01-11,Android,ZA,4.99
2020-01-11,iOS,AF,9.99
2020-01-11,iOS,AT,9.99
2020-01-11,iOS,AU,73.84
2020-01-11,iOS,BO,4.99
2020-01-11,iOS,BR,10.98
2020-01-11,iOS,CA,49.97
2020-01-11,iOS,CH,9.99
2020-01-11,iOS,CN,273.79
2020-01-11,iOS,CO,9.99
2020-01-11,iOS,DE,10.98
2020-01-11,iOS,DK,4.99
2020-01-11,iOS,EC,19.98
2020-01-11,iOS,ES,9.99
2020-01-11,iOS,FR,35.96
2020-01-11,iOS,GB,40.96
2020-01-11,iOS,JP,72.9
2020-01-11,iOS,KR,40.96
2020-01-11,iOS,KW,72.94
2020-01-11,iOS,KZ,0.99
2020-01-11,iOS,LB,19.98
2020-01-11,iOS,MX,4.99
2020-01-11,iOS,MY,9.99
2020-01-11,iOS,RS,9.99
2020-01-11,iOS,RU,4.95
2020-01-11,iOS,SA,55.949999999999996
2020-01-11,iOS,SE,5.98
2020-01-11,iOS,TH,10.98
2020-01-11,iOS,TW,74.88
2020-01-11,iOS,US,1127.23
2020-01-11,iOS,VN,5.98
2020-01-12,Android,AR,19.98
2020-01-12,Android,AT,59.959999999999994
2020-01-12,Android,AU,31.94
2020-01-12,Android,BR,19.880000000000003
2020-01-12,Android,CA,82.92
2020-01-12,Android,CH,19.99
2020-01-12,Android,CL,4.99
2020-01-12,Android,CO,4.99
2020-01-12,Android,DE,131.77
2020-01-12,Android,EC,0.99
2020-01-12,Android,ES,59.959999999999994
2020-01-12,Android,FI,10.98
2020-01-12,Android,FR,11.97
2020-01-12,Android,GB,133.7
2020-01-12,Android,GR,10.98
2020-01-12,Android,HK,9.99
2020-01-12,Android,HU,9.99
2020-01-12,Android,ID,5.98
2020-01-12,Android,IL,0.99
2020-01-12,Android,IS,1.98
2020-01-12,Android,IT,13.940000000000001
2020-01-12,Android,JP,39.86
2020-01-12,Android,KR,116.86
2020-01-12,Android,KZ,0.99
2020-01-12,Android,LT,9.99
2020-01-12,Android,MX,1.98
2020-01-12,Android,MY,30.97
2020-01-12,Android,NL,2.9699999999999998
2020-01-12,Android,NO,25.97
2020-01-12,Android,NZ,2.9699999999999998
2020-01-12,Android,PE,49.97
2020-01-12,Android,PH,8.950000000000001
2020-01-12,Android,PY,4.99
2020-01-12,Android,RU,25.91
2020-01-12,Android,SA,0.99
2020-01-12,Android,SE,10.98
2020-01-12,Android,TH,25.91
2020-01-12,Android,TR,0.99
2020-01-12,Android,TW,50.93
2020-01-12,Android,US,1418.49
2020-01-12,Android,ZA,4.99
2020-01-12,iOS,AE,4.99
2020-01-12,iOS,AT,19.98
2020-01-12,iOS,AU,71.92999999999999
2020-01-12,iOS,BR,39.97
2020-01-12,iOS,CA,31.96
2020-01-12,iOS,CL,9.99
2020-01-12,iOS,CN,202.86
2020-01-12,iOS,DE,21.96
2020-01-12,iOS,ES,0.99
2020-01-12,iOS,GB,43.93
2020-01-12,iOS,IT,9.99
2020-01-12,iOS,JP,224.82
2020-01-12,iOS,KR,82.89
2020-01-12,iOS,KW,0.99
2020-01-12,iOS,KZ,1.99
2020-01-12,iOS,LB,6.970000000000001
2020-01-12,iOS,LU,4.99
2020-01-12,iOS,MV,4.99
2020-01-12,iOS,MX,12.96
2020-01-12,iOS,RE,0.99
2020-01-12,iOS,RU,19.92
2020-01-12,iOS,SA,4.99
2020-01-12,iOS,TH,5.98
2020-01-12,iOS,TR,0.99
2020-01-12,iOS,TW,100.97
2020-01-12,iOS,UA,4.99
2020-01-12,iOS,US,955.01
2020-01-13,Android,AT,0.99
2020-01-13,Android,BR,17.94
2020-01-13,Android,BY,1.99
2020-01-13,Android,CA,73.88
2020-01-13,Android,CH,25.96
2020-01-13,Android,CL,5.98
2020-01-13,Android,DE,69.87
2020-01-13,Android,DJ,49.99
2020-01-13,Android,DK,0.99
2020-01-13,Android,ES,1.99
2020-01-13,Android,FR,1.98
2020-01-13,Android,GB,74.88
2020-01-13,Android,GR,1.98
2020-01-13,Android,HK,20.979999999999997
2020-01-13,Android,HU,1.99
2020-01-13,Android,IN,9.99
2020-01-13,Android,IT,27.949999999999996
2020-01-13,Android,JP,74.87
2020-01-13,Android,KR,80.91
2020-01-13,Android,LT,4.99
2020-01-13,Android,LU,0.99
2020-01-13,Android,MX,6.970000000000001
2020-01-13,Android,MY,9.99
2020-01-13,Android,NL,4.99
2020-01-13,Android,NO,34.96
2020-01-13,Android,NZ,0.99
2020-01-13,Android,PH,0.99
2020-01-13,Android,PL,6.970000000000001
2020-01-13,Android,RO,4.95
2020-01-13,Android,RU,139.85
2020-01-13,Android,SA,0.99
2020-01-13,Android,SE,10.97
2020-01-13,Android,SG,0.99
2020-01-13,Android,TH,35.91
2020-01-13,Android,TR,2.9699999999999998
2020-01-13,Android,TW,9.99
2020-01-13,Android,UA,2.9699999999999998
2020-01-13,Android,US,804.79
2020-01-13,iOS,AU,50.94
2020-01-13,iOS,BR,20.979999999999997
2020-01-13,iOS,CA,23.93
2020-01-13,iOS,CL,5.98
2020-01-13,iOS,CN,190.79999999999998
2020-01-13,iOS,CZ,0.99
2020-01-13,iOS,DE,9.99
2020-01-13,iOS,DK,9.99
2020-01-13,iOS,ES,19.98
2020-01-13,iOS,GB,1.98
2020-01-13,iOS,IQ,120.96999999999998
2020-01-13,iOS,JP,106.82
2020-01-13,iOS,KR,4.99
2020-01-13,iOS,MV,4.99
2020-01-13,iOS,MX,9.99
2020-01-13,iOS,PL,49.99
2020-01-13,iOS,RU,60.97
2020-01-13,iOS,SA,14.98
2020-01-13,iOS,TR,2.9699999999999998
2020-01-13,iOS,TW,16.96
2020-01-13,iOS,UA,4.99
2020-01-13,iOS,US,425.5
2020-01-14,Android,AE,9.99
2020-01-14,Android,AU,1.98
2020-01-14,Android,BR,15.97
2020-01-14,Android,CA,4.99
2020-01-14,Android,CH,19.99
2020-01-14,Android,CL,21.96
2020-01-14,Android,CZ,9.99
2020-01-14,Android,DE,101.86000000000001
2020-01-14,Android,FR,42.92
2020-01-14,Android,GB,42.910000000000004
2020-01-14,Android,HU,9.99
2020-01-14,Android,ID,13.95
2020-01-14,Android,IN,4.99
2020-01-14,Android,IT,31.950000000000003
2020-01-14,Android,JP,41.949999999999996
2020-01-14,Android,KR,114.97
2020-01-14,Android,KZ,4.99
2020-01-14,Android,LT,9.98
2020-01-14,Android,MX,3.96
2020-01-14,Android,MY,17.91
2020-01-14,Android,NL,5.98
2020-01-14,Android,NO,9.99
2020-01-14,Android,PH,0.99
2020-01-14,Android,PK,0.99
2020-01-14,Android,PL,1.98
2020-01-14,Android,PR,1.98
2020-01-14,Android,PT,4.99
2020-01-14,Android,RU,33.910000000000004
2020-01-14,Android,SE,4.99
2020-01-14,Android,SG,4.99
2020-01-14,Android,SK,0.99
2020-01-14,Android,TH,21.91
2020-01-14,Android,TR,0.99
2020-01-14,Android,TW,9.99
2020-01-14,Android,US,853.17
2020-01-14,Android,ZA,0.99
2020-01-14,iOS,AE,11.97
2020-01-14,iOS,AO,9.99
2020-01-14,iOS,AU,0.99
2020-01-14,iOS,BR,24.979999999999997
2020-01-14,iOS,CA,30.97
2020-01-14,iOS,CL,25.96
2020-01-14,iOS,CN,356.81
2020-01-14,iOS,ES,9.99
2020-01-14,iOS,FR,9.99
2020-01-14,iOS,GB,0.99
2020-01-14,iOS,HK,54.980000000000004
2020-01-14,iOS,ID,0.99
2020-01-14,iOS,IM,0.99
2020-01-14,iOS,IQ,0.99
2020-01-14,iOS,IT,11.97
2020-01-14,iOS,JP,124.91
2020-01-14,iOS,KR,14.98
2020-01-14,iOS,KW,104.97999999999999
2020-01-14,iOS,MX,0.99
2020-01-14,iOS,NL,30.97
2020-01-14,iOS,NZ,1.98
2020-01-14,iOS,PH,9.98
2020-01-14,iOS,RU,0.99
2020-01-14,iOS,SA,19.99
2020-01-14,iOS,SE,0.99
2020-01-14,iOS,TH,1.98
2020-01-14,iOS,TW,6.970000000000001
2020-01-14,iOS,UA,0.99
2020-01-14,iOS,US,542.47
2020-01-14,iOS,UZ,9.98
2020-01-15,Android,AF,0.99
2020-01-15,Android,AU,19.98
2020-01-15,Android,BE,14.98
2020-01-15,Android,BR,0.99
2020-01-15,Android,CA,40.949999999999996
2020-01-15,Android,CL,3.96
2020-01-15,Android,CN,0.99
2020-01-15,Android,CZ,9.99
2020-01-15,Android,DE,49.84
2020-01-15,Android,DK,4.99
2020-01-15,Android,FI,9.99
2020-01-15,Android,FR,31.95
2020-01-15,Android,GB,16.96
2020-01-15,Android,IN,9.99
2020-01-15,Android,IT,57.92
2020-01-15,Android,JP,20.97
2020-01-15,Android,KE,0.99
2020-01-15,Android,KR,121.91
2020-01-15,Android,KZ,0.99
2020-01-15,Android,MX,0.99
2020-01-15,Android,MY,33.94
2020-01-15,Android,NL,19.98
2020-01-15,Android,NO,10.97
2020-01-15,Android,PA,0.99
2020-01-15,Android,PH,15.97
2020-01-15,Android,RO,0.99
2020-01-15,Android,RU,224.82
2020-01-15,Android,SE,29.950000000000003
2020-01-15,Android,SI,1.98
2020-01-15,Android,TH,20.97
2020-01-15,Android,TR,0.99
2020-01-15,Android,TW,20.979999999999997
2020-01-15,Android,UA,2.9699999999999998
2020-01-15,Android,US,835.05
2020-01-15,Android,VN,0.99
2020-01-15,iOS,AE,17.900000000000002
2020-01-15,iOS,AU,14.98
2020-01-15,iOS,BR,25.97
2020-01-15,iOS,CA,31.959999999999997
2020-01-15,iOS,CH,46.94
2020-01-15,iOS,CL,20.979999999999997
2020-01-15,iOS,CN,121.84
2020-01-15,iOS,CR,0.99
2020-01-15,iOS,DE,15.97
2020-01-15,iOS,ES,59.96
2020-01-15,iOS,GB,57.91
2020-01-15,iOS,IQ,49.99
2020-01-15,iOS,JP,140.92000000000002
2020-01-15,iOS,KN,4.99
2020-01-15,iOS,KR,0.99
2020-01-15,iOS,LU,4.99
2020-01-15,iOS,MX,14.98
2020-01-15,iOS,NO,29.979999999999997
2020-01-15,iOS,PH,9.99
2020-01-15,iOS,PL,5.98
2020-01-15,iOS,SA,150.97
2020-01-15,iOS,SE,9.99
2020-01-15,iOS,TH,0.99
2020-01-15,iOS,TW,5.98
2020-01-15,iOS,US,481.44
2020-01-16,Android,AE,0.99
2020-01-16,Android,AR,0.99
2020-01-16,Android,AT,0.99
2020-01-16,Android,AU,21.97
2020-01-16,Android,AZ,9.99
2020-01-16,Android,BE,1.98
2020-01-16,Android,BR,4.95
2020-01-16,Android,CA,29.979999999999997
2020-01-16,Android,CH,9.99
2020-01-16,Android,CL,18.93
2020-01-16,Android,CR,0.99
2020-01-16,Android,CZ,13.97
2020-01-16,Android,DE,61.919999999999995
2020-01-16,Android,DK,0.99
2020-01-16,Android,EC,1.98
2020-01-16,Android,ES,19.98
2020-01-16,Android,FR,11.97
2020-01-16,Android,GB,1.98
2020-01-16,Android,GR,12.950000000000001
2020-01-16,Android,HU,0.99
2020-01-16,Android,ID,3.96
2020-01-16,Android,IL,0.99
2020-01-16,Android,IT,0.99
2020-01-16,Android,JP,30.97
2020-01-16,Android,KR,179.84
2020-01-16,Android,KZ,34.97
2020-01-16,Android,MX,6.970000000000001
2020-01-16,Android,NL,1.98
2020-01-16,Android,PG,9.99
2020-01-16,Android,PL,12.96
2020-01-16,Android,PT,3.96
2020-01-16,Android,RO,19.99
2020-01-16,Android,RU,38.82
2020-01-16,Android,SA,9.99
2020-01-16,Android,SE,19.98
2020-01-16,Android,TH,16.96
2020-01-16,Android,TR,49.97
2020-01-16,Android,TW,40.980000000000004
2020-01-16,Android,UA,3.96
2020-01-16,Android,US,833.23
2020-01-16,iOS,AF,9.99
2020-01-16,iOS,AR,0.99
2020-01-16,iOS,AU,4.99
2020-01-16,iOS,BE,19.98
2020-01-16,iOS,BR,5.98
2020-01-16,iOS,BY,0.99
2020-01-16,iOS,CA,99.91999999999999
2020-01-16,iOS,CH,20.979999999999997
2020-01-16,iOS,CL,1.98
2020-01-16,iOS,CN,151.8
2020-01-16,iOS,CO,4.99
2020-01-16,iOS,DE,4.99
2020-01-16,iOS,ES,39.99
2020-01-16,iOS,FR,10.98
2020-01-16,iOS,GB,10.98
2020-01-16,iOS,IL,19.99
2020-01-16,iOS,IT,0.99
2020-01-16,iOS,JP,103.89
2020-01-16,iOS,KR,29.979999999999997
2020-01-16,iOS,MD,4.99
2020-01-16,iOS,MX,10.98
2020-01-16,iOS,NG,4.99
2020-01-16,iOS,RU,12.950000000000001
2020-01-16,iOS,SA,17.95
2020-01-16,iOS,SE,0.99
2020-01-16,iOS,TH,2.9699999999999998
2020-01-16,iOS,TW,0.99
2020-01-16,iOS,UA,5.98
2020-01-16,iOS,US,534.33
2020-01-17,Android,AE,0.99
2020-01-17,Android,AR,49.97
2020-01-17,Android,AT,24.979999999999997
2020-01-17,Android,AU,4.99
2020-01-17,Android,BR,23.94
2020-01-17,Android,CA,10.98
2020-01-17,Android,CH,4.99
2020-01-17,Android,CL,11.97
2020-01-17,Android,CO,0.99
2020-01-17,Android,CZ,19.99
2020-01-17,Android,DE,62.89
2020-01-17,Android,EE,0.99
2020-01-17,Android,FI,59.980000000000004
2020-01-17,Android,FR,53.93
2020-01-17,Android,GB,102.91
2020-01-17,Android,HK,9.99
2020-01-17,Android,HU,5.98
2020-01-17,Android,ID,10.98
2020-01-17,Android,IT,40.95
2020-01-17,Android,JP,38.92
2020-01-17,Android,KR,59.89
2020-01-17,Android,KZ,4.99
2020-01-17,Android,LV,0.99
2020-01-17,Android,MX,10.98
2020-01-17,Android,MY,20.979999999999997
2020-01-17,Android,NO,20.979999999999997
2020-01-17,Android,NZ,9.99
2020-01-17,Android,PE,5.98
2020-01-17,Android,PH,0.99
2020-01-17,Android,PL,9.99
2020-01-17,Android,PY,9.99
2020-01-17,Android,RO,1.98
2020-01-17,Android,RU,15.92
2020-01-17,Android,SE,44.95
2020-01-17,Android,SI,4.99
2020-01-17,Android,TH,26.96
2020-01-17,Android,TR,10.98
2020-01-17,Android,TW,-24.020000000000003
2020-01-17,Android,US,1175.56
2020-01-17,iOS,AE,0.99
2020-01-17,iOS,AF,0.99
2020-01-17,iOS,AL,10.98
2020-01-17,iOS,AT,4.99
2020-01-17,iOS,BR,40.96
2020-01-17,iOS,CA,37.94
2020-01-17,iOS,CN,287.77
2020-01-17,iOS,DE,4.99
2020-01-17,iOS,GB,61.92
2020-01-17,iOS,IL,0.99
2020-01-17,iOS,JP,100.91
2020-01-17,iOS,KR,44.96
2020-01-17,iOS,KW,49.99
2020-01-17,iOS,LB,9.99
2020-01-17,iOS,LU,19.99
2020-01-17,iOS,MX,19.98
2020-01-17,iOS,MY,0.99
2020-01-17,iOS,QA,0.99
2020-01-17,iOS,RU,75.96
2020-01-17,iOS,SE,9.98
2020-01-17,iOS,SK,4.99
2020-01-17,iOS,TH,10.98
2020-01-17,iOS,TW,56.94
2020-01-17,iOS,UA,4.99
2020-01-17,iOS,US,446.39
2020-01-17,iOS,VN,0.99
2020-01-18,Android,AE,0.99
2020-01-18,Android,AT,9.99
2020-01-18,Android,AU,70.92
2020-01-18,Android,BR,30.96
2020-01-18,Android,CA,30.910000000000004
2020-01-18,Android,CL,0.99
2020-01-18,Android,CZ,22.950000000000003
2020-01-18,Android,DE,54.91
2020-01-18,Android,EC,0.99
2020-01-18,Android,ES,1.98
2020-01-18,Android,FI,9.99
2020-01-18,Android,GB,147.78
2020-01-18,Android,GR,4.99
2020-01-18,Android,HN,5.98
2020-01-18,Android,HU,22.94
2020-01-18,Android,ID,2.9699999999999998
2020-01-18,Android,IE,4.99
2020-01-18,Android,IT,5.98
2020-01-18,Android,JP,79.89999999999999
2020-01-18,Android,KR,39.97
2020-01-18,Android,LT,0.99
2020-01-18,Android,LV,1.98
2020-01-18,Android,MX,10.97
2020-01-18,Android,MY,15.97
2020-01-18,Android,NL,0.99
2020-01-18,Android,NO,9.99
2020-01-18,Android,RO,9.99
2020-01-18,Android,RU,128.92000000000002
2020-01-18,Android,SE,8.95
2020-01-18,Android,SI,0.99
2020-01-18,Android,TH,1.98
2020-01-18,Android,TR,30.96
2020-01-18,Android,TW,0.99
2020-01-18,Android,UA,1.98
2020-01-18,Android,US,858.94
2020-01-18,iOS,AE,0.99
2020-01-18,iOS,BG,9.99
2020-01-18,iOS,BR,9.99
2020-01-18,iOS,CA,64.95
2020-01-18,iOS,CH,4.99
2020-01-18,iOS,CL,4.99
2020-01-18,iOS,CN,285.73
2020-01-18,iOS,CR,4.99
2020-01-18,iOS,ES,4.99
2020-01-18,iOS,FR,39.97
2020-01-18,iOS,GB,82.94
2020-01-18,iOS,ID,0.99
2020-01-18,iOS,IQ,4.99
2020-01-18,iOS,IT,1.98
2020-01-18,iOS,JP,225.82999999999998
2020-01-18,iOS,KR,74.97
2020-01-18,iOS,KW,49.99
2020-01-18,iOS,LB,9.99
2020-01-18,iOS,LU,49.99
2020-01-18,iOS,MY,5.98
2020-01-18,iOS,NO,9.99
2020-01-18,iOS,PH,10.97
2020-01-18,iOS,PL,0.99
2020-01-18,iOS,RU,26.93
2020-01-18,iOS,SA,14.98
2020-01-18,iOS,TH,5.98
2020-01-18,iOS,TR,4.99
2020-01-18,iOS,UA,0.99
2020-01-18,iOS,US,742.3
2020-01-18,iOS,VN,24.979999999999997
2020-01-19,Android,AU,50.94
2020-01-19,Android,AZ,4.99
2020-01-19,Android,BR,18.94
2020-01-19,Android,CA,105.89
2020-01-19,Android,CH,29.979999999999997
2020-01-19,Android,CL,0.99
2020-01-19,Android,CO,4.99
2020-01-19,Android,CZ,10.98
2020-01-19,Android,DE,117.88999999999999
2020-01-19,Android,ES,1.98
2020-01-19,Android,FI,59.980000000000004
2020-01-19,Android,FR,33.93
2020-01-19,Android,GB,79.87
2020-01-19,Android,HK,9.99
2020-01-19,Android,HN,0.99
2020-01-19,Android,HU,0.99
2020-01-19,Android,ID,16.91
2020-01-19,Android,IE,69.98
2020-01-19,Android,IT,0.99
2020-01-19,Android,JP,16.96
2020-01-19,Android,KR,252.85
2020-01-19,Android,KZ,0.99
2020-01-19,Android,LT,4.99
2020-01-19,Android,MX,0.99
2020-01-19,Android,MY,6.970000000000001
2020-01-19,Android,NL,14.98
2020-01-19,Android,NZ,0.99
2020-01-19,Android,PE,3.96
2020-01-19,Android,PH,0.99
2020-01-19,Android,RO,9.99
2020-01-19,Android,RU,25.929999999999996
2020-01-19,Android,SE,5.98
2020-01-19,Android,SK,0.99
2020-01-19,Android,TH,0.99
2020-01-19,Android,TR,2.9699999999999998
2020-01-19,Android,TW,33.92
2020-01-19,Android,UA,5.98
2020-01-19,Android,US,1106.07
2020-01-19,Android,VN,9.99
2020-01-19,iOS,AE,0.99
2020-01-19,iOS,BR,39.97
2020-01-19,iOS,CA,73.89999999999999
2020-01-19,iOS,CN,362.83
2020-01-19,iOS,CR,14.99
2020-01-19,iOS,DE,49.99
2020-01-19,iOS,EG,0.99
2020-01-19,iOS,FI,14.98
2020-01-19,iOS,GB,84.9
2020-01-19,iOS,IT,10.98
2020-01-19,iOS,JP,260.8
2020-01-19,iOS,KR,29.97
2020-01-19,iOS,KW,49.99
2020-01-19,iOS,MK,19.98
2020-01-19,iOS,MX,10.98
2020-01-19,iOS,MY,19.99
2020-01-19,iOS,NL,69.98
2020-01-19,iOS,NO,0.99
2020-01-19,iOS,PH,4.99
2020-01-19,iOS,PT,2.9699999999999998
2020-01-19,iOS,RU,72.93
2020-01-19,iOS,SA,10.98
2020-01-19,iOS,SE,19.99
2020-01-19,iOS,SK,4.99
2020-01-19,iOS,TR,5.98
2020-01-19,iOS,TW,134.93
2020-01-19,iOS,US,989.22
2020-01-19,iOS,VN,5.98
2020-01-20,Android,AF,19.99
2020-01-20,Android,AU,1.98
2020-01-20,Android,CA,26.91
2020-01-20,Android,CH,4.99
2020-01-20,Android,CL,1.98
2020-01-20,Android,CZ,9.99
2020-01-20,Android,DE,44.93
2020-01-20,Android,EC,0.99
2020-01-20,Android,ES,9.98
2020-01-20,Android,FI,4.99
2020-01-20,Android,FJ,0.99
2020-01-20,Android,FR,4.99
2020-01-20,Android,GB,66.92999999999999
2020-01-20,Android,ID,6.970000000000001
2020-01-20,Android,IT,17.950000000000003
2020-01-20,Android,JP,32.94
2020-01-20,Android,KZ,0.99
2020-01-20,Android,MX,14.98
2020-01-20,Android,MY,6.970000000000001
2020-01-20,Android,NL,4.99
2020-01-20,Android,NO,0.99
2020-01-20,Android,PA,4.99
2020-01-20,Android,PE,1.98
2020-01-20,Android,PH,0.99
2020-01-20,Android,PL,0.99
2020-01-20,Android,RU,14.930000000000001
2020-01-20,Android,SA,0.99
2020-01-20,Android,SE,7.970000000000001
2020-01-20,Android,TH,24.939999999999998
2020-01-20,Android,TR,12.96
2020-01-20,Android,TW,19.98
2020-01-20,Android,UA,0.99
2020-01-20,Android,US,875.96
2020-01-20,Android,VN,20.97
2020-01-20,Android,ZA,0.99
2020-01-20,iOS,CA,119.91
2020-01-20,iOS,CN,51.92
2020-01-20,iOS,ES,49.959999999999994
2020-01-20,iOS,FR,29.979999999999997
2020-01-20,iOS,GB,10.98
2020-01-20,iOS,JP,146.88
2020-01-20,iOS,KR,14.98
2020-01-20,iOS,MX,9.99
2020-01-20,iOS,RU,16.96
2020-01-20,iOS,TH,0.99
2020-01-20,iOS,TR,14.98
2020-01-20,iOS,TW,104.92
2020-01-20,iOS,US,647.35
2020-01-21,Android,AE,1.98
2020-01-21,Android,AU,9.99
2020-01-21,Android,BR,22.959999999999997
2020-01-21,Android,CA,17.95
2020-01-21,Android,CH,0.99
2020-01-21,Android,CL,0.99
2020-01-21,Android,CO,9.99
2020-01-21,Android,DE,193.87
2020-01-21,Android,EC,2.9699999999999998
2020-01-21,Android,FR,21.95
2020-01-21,Android,GB,32.93
2020-01-21,Android,ID,30.97
2020-01-21,Android,IN,6.970000000000001
2020-01-21,Android,IT,28.93
2020-01-21,Android,JP,34.910000000000004
2020-01-21,Android,KR,160.92
2020-01-21,Android,MV,29.979999999999997
2020-01-21,Android,MX,10.98
2020-01-21,Android,MY,2.98
2020-01-21,Android,NL,30.96
2020-01-21,Android,PE,4.99
2020-01-21,Android,PL,16.97
2020-01-21,Android,PT,0.99
2020-01-21,Android,RU,26.89
2020-01-21,Android,SE,45.949999999999996
2020-01-21,Android,TH,24.979999999999997
2020-01-21,Android,TR,9.99
2020-01-21,Android,TT,9.99
2020-01-21,Android,TW,50.96
2020-01-21,Android,US,696.13
2020-01-21,Android,VN,9.99
2020-01-21,iOS,AE,0.99
2020-01-21,iOS,BR,15.97
2020-01-21,iOS,CA,2.9699999999999998
2020-01-21,iOS,CH,5.98
2020-01-21,iOS,CN,19.93
2020-01-21,iOS,DE,60.970000000000006
2020-01-21,iOS,ES,4.99
2020-01-21,iOS,FR,9.98
2020-01-21,iOS,GB,146.92000000000002
2020-01-21,iOS,HK,9.99
2020-01-21,iOS,IN,5.98
2020-01-21,iOS,IT,19.99
2020-01-21,iOS,JP,162.86
2020-01-21,iOS,KR,114.95
2020-01-21,iOS,KW,1.98
2020-01-21,iOS,LB,1.98
2020-01-21,iOS,MX,19.99
2020-01-21,iOS,MY,10.98
2020-01-21,iOS,NG,4.99
2020-01-21,iOS,NZ,25.96
2020-01-21,iOS,PH,19.99
2020-01-21,iOS,RU,41.93
2020-01-21,iOS,SG,0.99
2020-01-21,iOS,TR,49.97
2020-01-21,iOS,TW,40.96
2020-01-21,iOS,UA,3.96
2020-01-21,iOS,US,381.46
2020-01-21,iOS,VN,0.99
2020-01-22,Android,AT,19.99
2020-01-22,Android,AU,34.97
2020-01-22,Android,BE,9.99
2020-01-22,Android,BR,2.9699999999999998
2020-01-22,Android,CA,20.979999999999997
2020-01-22,Android,CL,1.98
2020-01-22,Android,CZ,0.99
2020-01-22,Android,DE,304.84
2020-01-22,Android,ES,1.98
2020-01-22,Android,FR,29.979999999999997
2020-01-22,Android,GB,28.92
2020-01-22,Android,HK,39.99
2020-01-22,Android,ID,20.979999999999997
2020-01-22,Android,IE,19.98
2020-01-22,Android,IT,13.95
2020-01-22,Android,JP,11.97
2020-01-22,Android,KR,47.900000000000006
2020-01-22,Android,LT,0.99
2020-01-22,Android,MX,2.9699999999999998
2020-01-22,Android,MY,25.91
2020-01-22,Android,NO,79.97
2020-01-22,Android,NZ,4.99
2020-01-22,Android,PH,4.99
2020-01-22,Android,PL,7.960000000000001
2020-01-22,Android,PT,9.99
2020-01-22,Android,RU,21.87
2020-01-22,Android,SA,0.99
2020-01-22,Android,TR,9.99
2020-01-22,Android,TW,30.97
2020-01-22,Android,UA,6.970000000000001
2020-01-22,Android,US,630.24
2020-01-22,Android,VN,5.98
2020-01-22,iOS,AE,1.98
2020-01-22,iOS,AU,11.97
2020-01-22,iOS,BE,9.99
2020-01-22,iOS,BM,49.99
2020-01-22,iOS,CA,94.96000000000001
2020-01-22,iOS,CL,29.979999999999997
2020-01-22,iOS,CN,298.76
2020-01-22,iOS,FR,35.96
2020-01-22,iOS,GB,52.91
2020-01-22,iOS,IN,29.979999999999997
2020-01-22,iOS,JP,95.87
2020-01-22,iOS,KR,1.98
2020-01-22,iOS,MY,4.99
2020-01-22,iOS,NL,9.99
2020-01-22,iOS,NZ,9.99
2020-01-22,iOS,SA,0.99
2020-01-22,iOS,SV,9.99
2020-01-22,iOS,TR,19.99
2020-01-22,iOS,TW,0.99
2020-01-22,iOS,US,574.51
2020-01-23,Android,AE,0.99
2020-01-23,Android,AU,26.950000000000003
2020-01-23,Android,BR,9.940000000000001
2020-01-23,Android,CA,5.98
2020-01-23,Android,CH,12.950000000000001
2020-01-23,Android,CL,5.98
2020-01-23,Android,DE,111.85000000000001
2020-01-23,Android,DK,9.99
2020-01-23,Android,ES,5.98
2020-01-23,Android,FI,19.98
2020-01-23,Android,FR,36.95
2020-01-23,Android,GB,44.92999999999999
2020-01-23,Android,GR,0.99
2020-01-23,Android,ID,4.99
2020-01-23,Android,IE,10.97
2020-01-23,Android,IT,1.98
2020-01-23,Android,JP,40.959999999999994
2020-01-23,Android,KR,9.98
2020-01-23,Android,LT,9.99
2020-01-23,Android,MX,11.96
2020-01-23,Android,MY,9.99
2020-01-23,Android,NL,26.96
2020-01-23,Android,NZ,34.97
2020-01-23,Android,PE,4.99
2020-01-23,Android,PL,10.98
2020-01-23,Android,PT,69.96
2020-01-23,Android,RU,41.84
2020-01-23,Android,SA,30.97
2020-01-23,Android,SG,10.98
2020-01-23,Android,TH,0.99
2020-01-23,Android,TR,0.99
2020-01-23,Android,TW,89.96000000000001
2020-01-23,Android,US,732.05
2020-01-23,iOS,AE,7.96
2020-01-23,iOS,AT,64.97
2020-01-23,iOS,AU,59.980000000000004
2020-01-23,iOS,BE,9.98
2020-01-23,iOS,BR,0.99
2020-01-23,iOS,BS,49.95
2020-01-23,iOS,CA,30.96
2020-01-23,iOS,CN,163.78
2020-01-23,iOS,DE,3.96
2020-01-23,iOS,GB,123.88
2020-01-23,iOS,HU,0.99
2020-01-23,iOS,IN,19.99
2020-01-23,iOS,IQ,4.99
2020-01-23,iOS,JP,61.94
2020-01-23,iOS,KR,45.94
2020-01-23,iOS,MX,19.99
2020-01-23,iOS,MY,4.99
2020-01-23,iOS,RU,2.9699999999999998
2020-01-23,iOS,SA,10.98
2020-01-23,iOS,TH,17.94
2020-01-23,iOS,TR,4.99
2020-01-23,iOS,TW,18.94
2020-01-23,iOS,US,477.59
2020-01-24,Android,AU,51.949999999999996
2020-01-24,Android,BR,9.99
2020-01-24,Android,BY,0.99
2020-01-24,Android,CA,16.96
2020-01-24,Android,CH,9.99
2020-01-24,Android,CL,34.96
2020-01-24,Android,CZ,10.98
2020-01-24,Android,DE,217.74
2020-01-24,Android,FI,99.98
2020-01-24,Android,FR,26.95
2020-01-24,Android,GB,145.76
2020-01-24,Android,ID,10.97
2020-01-24,Android,IE,4.99
2020-01-24,Android,IN,9.99
2020-01-24,Android,IT,0.99
2020-01-24,Android,JP,45.959999999999994
2020-01-24,Android,KR,160.81
2020-01-24,Android,MX,3.96
2020-01-24,Android,MY,37.93
2020-01-24,Android,NL,39.97
2020-01-24,Android,NO,5.98
2020-01-24,Android,NZ,5.98
2020-01-24,Android,PE,0.99
2020-01-24,Android,PH,0.99
2020-01-24,Android,PL,0.99
2020-01-24,Android,PR,7.96
2020-01-24,Android,PT,49.99
2020-01-24,Android,RO,10.98
2020-01-24,Android,RU,12.96
2020-01-24,Android,SA,0.99
2020-01-24,Android,SE,4.99
2020-01-24,Android,SG,15.97
2020-01-24,Android,SK,0.99
2020-01-24,Android,TH,1.98
2020-01-24,Android,TR,11.98
2020-01-24,Android,TW,47.93
2020-01-24,Android,UA,3.96
2020-01-24,Android,US,1457.46
2020-01-24,Android,VN,19.99
2020-01-24,iOS,AT,19.99
2020-01-24,iOS,AU,39.98
2020-01-24,iOS,BE,1.98
2020-01-24,iOS,BR,54.94
2020-01-24,iOS,CA,24.979999999999997
2020-01-24,iOS,CH,1.98
2020-01-24,iOS,CN,233.78
2020-01-24,iOS,DE,5.98
2020-01-24,iOS,FR,39.97
2020-01-24,iOS,GB,76.92
2020-01-24,iOS,JP,21.950000000000003
2020-01-24,iOS,KR,19.99
2020-01-24,iOS,LB,1.98
2020-01-24,iOS,MY,14.98
2020-01-24,iOS,PT,1.98
2020-01-24,iOS,QA,0.99
2020-01-24,iOS,TH,6.970000000000001
2020-01-24,iOS,TW,4.99
2020-01-24,iOS,US,439.54
2020-01-25,Android,AT,19.99
2020-01-25,Android,BR,4.99
2020-01-25,Android,BY,1.99
2020-01-25,Android,CA,13.95
2020-01-25,Android,CH,0.99
2020-01-25,Android,CL,2.98
2020-01-25,Android,CR,0.99
2020-01-25,Android,CZ,10.98
2020-01-25,Android,DE,91.87
2020-01-25,Android,EE,19.99
2020-01-25,Android,ES,0.99
2020-01-25,Android,FR,45.94
2020-01-25,Android,GB,63.85
2020-01-25,Android,GR,4.99
2020-01-25,Android,GT,0.99
2020-01-25,Android,HU,59.980000000000004
2020-01-25,Android,ID,0.99
2020-01-25,Android,IE,14.98
2020-01-25,Android,IL,9.99
2020-01-25,Android,IN,9.99
2020-01-25,Android,IT,9.99
2020-01-25,Android,JP,51.97
2020-01-25,Android,KR,139.85
2020-01-25,Android,LT,4.99
2020-01-25,Android,MX,7.96
2020-01-25,Android,MY,13.950000000000001
2020-01-25,Android,NL,29.979999999999997
2020-01-25,Android,NO,20.979999999999997
2020-01-25,Android,NZ,19.98
2020-01-25,Android,PH,9.99
2020-01-25,Android,PT,6.98
2020-01-25,Android,RU,42.88
2020-01-25,Android,SA,15.97
2020-01-25,Android,SE,19.98
2020-01-25,Android,SG,40.96
2020-01-25,Android,TH,29.97
2020-01-25,Android,TR,58.910000000000004
2020-01-25,Android,TW,10.98
2020-01-25,Android,UA,0.99
2020-01-25,Android,US,1866.3600000000001
2020-01-25,Android,VN,12.91
2020-01-25,Android,ZA,10.98
2020-01-25,iOS,AT,109.97
2020-01-25,iOS,AU,5.98
2020-01-25,iOS,BE,9.99
2020-01-25,iOS,BR,9.98
2020-01-25,iOS,CA,55.959999999999994
2020-01-25,iOS,CH,0.99
2020-01-25,iOS,CN,422.64
2020-01-25,iOS,CO,4.99
2020-01-25,iOS,FR,5.98
2020-01-25,iOS,GB,51.9
2020-01-25,iOS,HK,9.99
2020-01-25,iOS,IL,14.97
2020-01-25,iOS,IN,19.99
2020-01-25,iOS,IQ,6.970000000000001
2020-01-25,iOS,IT,14.98
2020-01-25,iOS,JP,101.83
2020-01-25,iOS,KR,55.94
2020-01-25,iOS,MM,19.99
2020-01-25,iOS,MX,4.99
2020-01-25,iOS,MY,9.99
2020-01-25,iOS,NL,0.99
2020-01-25,iOS,NO,0.99
2020-01-25,iOS,PE,19.99
2020-01-25,iOS,PT,2.9699999999999998
2020-01-25,iOS,RU,26.959999999999997
2020-01-25,iOS,SA,33.92
2020-01-25,iOS,SG,19.98
2020-01-25,iOS,TH,34.97
2020-01-25,iOS,TR,0.99
2020-01-25,iOS,TW,45.95
2020-01-25,iOS,US,906.1
2020-01-25,iOS,VN,4.99
2020-01-26,Android,AU,205.91
2020-01-26,Android,BR,8.95
2020-01-26,Android,CA,1.99
2020-01-26,Android,CH,5.98
2020-01-26,Android,CL,0.99
2020-01-26,Android,CO,5.98
2020-01-26,Android,DE,292.78
2020-01-26,Android,FI,0.99
2020-01-26,Android,FR,182.89
2020-01-26,Android,GB,134.78
2020-01-26,Android,GR,9.98
2020-01-26,Android,HK,19.98
2020-01-26,Android,HU,51.980000000000004
2020-01-26,Android,ID,11.97
2020-01-26,Android,IT,11.97
2020-01-26,Android,JP,56.89
2020-01-26,Android,KR,170.88
2020-01-26,Android,KZ,-4.99
2020-01-26,Android,LT,9.99
2020-01-26,Android,MX,8.95
2020-01-26,Android,MY,30.94
2020-01-26,Android,NL,24.979999999999997
2020-01-26,Android,NO,1.98
2020-01-26,Android,PH,1.98
2020-01-26,Android,PL,0.99
2020-01-26,Android,PT,9.99
2020-01-26,Android,QA,0.99
2020-01-26,Android,RS,9.99
2020-01-26,Android,RU,25.92
2020-01-26,Android,SA,59.980000000000004
2020-01-26,Android,SE,14.97
2020-01-26,Android,SG,41.97
2020-01-26,Android,SK,4.99
2020-01-26,Android,TH,3.96
2020-01-26,Android,TR,12.96
2020-01-26,Android,TW,120.89
2020-01-26,Android,UA,1.98
2020-01-26,Android,US,885.83
2020-01-26,Android,VN,4.99
2020-01-26,iOS,AE,9.99
2020-01-26,iOS,AT,29.97
2020-01-26,iOS,AU,35.86
2020-01-26,iOS,BR,64.95
2020-01-26,iOS,CA,20.979999999999997
2020-01-26,iOS,CN,290.55
2020-01-26,iOS,CR,4.99
2020-01-26,iOS,DE,39.98
2020-01-26,iOS,DK,0.99
2020-01-26,iOS,ES,7.96
2020-01-26,iOS,FR,25.97
2020-01-26,iOS,GB,30.97
2020-01-26,iOS,GU,9.99
2020-01-26,iOS,HK,64.95
2020-01-26,iOS,IL,4.99
2020-01-26,iOS,IN,19.99
2020-01-26,iOS,JP,254.83
2020-01-26,iOS,KR,17.95
2020-01-26,iOS,LB,9.99
2020-01-26,iOS,RU,42.93
2020-01-26,iOS,SA,34.95
2020-01-26,iOS,SG,5.98
2020-01-26,iOS,TR,1.98
2020-01-26,iOS,TW,24.93
2020-01-26,iOS,UA,0.99
2020-01-26,iOS,US,816.15
2020-01-26,iOS,ZA,9.99
2020-01-27,Android,AU,192.86
2020-01-27,Android,BE,1.98
2020-01-27,Android,BR,0.99
2020-01-27,Android,CA,134.94
2020-01-27,Android,CH,10.97
2020-01-27,Android,CL,29.979999999999997
2020-01-27,Android,CZ,59.980000000000004
2020-01-27,Android,DE,217.83
2020-01-27,Android,EC,0.99
2020-01-27,Android,ES,4.99
2020-01-27,Android,FR,100.97
2020-01-27,Android,GB,94.81
2020-01-27,Android,GR,1.98
2020-01-27,Android,HK,19.98
2020-01-27,Android,HR,0.99
2020-01-27,Android,IE,3.96
2020-01-27,Android,IL,0.99
2020-01-27,Android,IT,20.97
2020-01-27,Android,JP,10.98
2020-01-27,Android,KR,114.86
2020-01-27,Android,KW,9.99
2020-01-27,Android,LV,0.99
2020-01-27,Android,MX,6.970000000000001
2020-01-27,Android,MY,14.98
2020-01-27,Android,NL,4.95
2020-01-27,Android,NO,9.99
2020-01-27,Android,NZ,19.98
2020-01-27,Android,PH,0.99
2020-01-27,Android,PL,19.97
2020-01-27,Android,PR,0.99
2020-01-27,Android,RU,8.95
2020-01-27,Android,SA,9.99
2020-01-27,Android,SG,21.950000000000003
2020-01-27,Android,TW,19.97
2020-01-27,Android,UA,0.99
2020-01-27,Android,US,1338.93
2020-01-27,Android,VN,20.97
2020-01-27,iOS,AE,4.99
2020-01-27,iOS,AU,15.98
2020-01-27,iOS,BR,9.99
2020-01-27,iOS,BS,42.949999999999996
2020-01-27,iOS,CA,35.94
2020-01-27,iOS,CN,305.71999999999997
2020-01-27,iOS,DE,20.979999999999997
2020-01-27,iOS,ES,49.99
2020-01-27,iOS,FR,14.98
2020-01-27,iOS,GB,79.92999999999999
2020-01-27,iOS,GR,0.99
2020-01-27,iOS,HK,20.979999999999997
2020-01-27,iOS,IT,10.98
2020-01-27,iOS,JP,225.91
2020-01-27,iOS,KN,4.99
2020-01-27,iOS,KR,56.92
2020-01-27,iOS,KW,99.99
2020-01-27,iOS,NZ,10.97
2020-01-27,iOS,RU,15.88
2020-01-27,iOS,SA,35.96
2020-01-27,iOS,SE,0.99
2020-01-27,iOS,SG,39.97
2020-01-27,iOS,TH,7.96
2020-01-27,iOS,TR,0.99
2020-01-27,iOS,TW,50.949999999999996
2020-01-27,iOS,UA,17.950000000000003
2020-01-27,iOS,US,648.29
2020-01-27,iOS,ZA,9.99
2020-01-28,Android,AE,0.99
2020-01-28,Android,AU,17.95
2020-01-28,Android,BE,0.99
2020-01-28,Android,BR,11.92
2020-01-28,Android,CA,77.93
2020-01-28,Android,CH,2.9699999999999998
2020-01-28,Android,CL,24.97
2020-01-28,Android,CO,4.95
2020-01-28,Android,DE,90.86
2020-01-28,Android,DO,9.99
2020-01-28,Android,ES,1.98
2020-01-28,Android,FR,11.98
2020-01-28,Android,GB,55.9
2020-01-28,Android,GR,9.99
2020-01-28,Android,HK,10.98
2020-01-28,Android,HU,4.99
2020-01-28,Android,IE,4.99
2020-01-28,Android,IQ,9.99
2020-01-28,Android,JP,67.92
2020-01-28,Android,KR,121.85000000000001
2020-01-28,Android,MX,6.970000000000001
2020-01-28,Android,MY,18.94
2020-01-28,Android,NL,89.96000000000001
2020-01-28,Android,NO,0.99
2020-01-28,Android,NZ,14.98
2020-01-28,Android,PE,5.98
2020-01-28,Android,PL,9.99
2020-01-28,Android,RU,34.87
2020-01-28,Android,SA,18.94
2020-01-28,Android,SE,0.99
2020-01-28,Android,SK,1.99
2020-01-28,Android,TH,1.98
2020-01-28,Android,TR,10.98
2020-01-28,Android,TW,9.99
2020-01-28,Android,UA,2.9699999999999998
2020-01-28,Android,US,1029.87
2020-01-28,Android,VN,5.98
2020-01-28,iOS,AF,0.99
2020-01-28,iOS,BA,0.99
2020-01-28,iOS,BH,4.99
2020-01-28,iOS,BR,84.92
2020-01-28,iOS,CA,11.97
2020-01-28,iOS,CN,214.82
2020-01-28,iOS,DK,0.99
2020-01-28,iOS,HK,6.970000000000001
2020-01-28,iOS,JP,73.92
2020-01-28,iOS,KR,39.96
2020-01-28,iOS,KZ,0.99
2020-01-28,iOS,MX,4.99
2020-01-28,iOS,MY,5.98
2020-01-28,iOS,NZ,4.99
2020-01-28,iOS,PH,0.99
2020-01-28,iOS,RU,22.93
2020-01-28,iOS,SG,0.99
2020-01-28,iOS,TR,0.99
2020-01-28,iOS,TW,64.97
2020-01-28,iOS,UA,0.99
2020-01-28,iOS,US,867.34
2020-01-29,Android,AU,12.950000000000001
2020-01-29,Android,AZ,0.99
2020-01-29,Android,BE,19.98
2020-01-29,Android,BR,3.96
2020-01-29,Android,CA,58.92
2020-01-29,Android,CH,1.98
2020-01-29,Android,CO,6.970000000000001
2020-01-29,Android,CZ,0.99
2020-01-29,Android,DE,59.94
2020-01-29,Android,FR,312.87
2020-01-29,Android,GB,95.9
2020-01-29,Android,GR,0.99
2020-01-29,Android,HK,14.98
2020-01-29,Android,ID,1.98
2020-01-29,Android,IN,0.99
2020-01-29,Android,JP,80.92999999999999
2020-01-29,Android,KR,34.96
2020-01-29,Android,LT,9.99
2020-01-29,Android,MX,3.96
2020-01-29,Android,MY,23.94
2020-01-29,Android,NL,40.97
2020-01-29,Android,NZ,19.99
2020-01-29,Android,PE,4.99
2020-01-29,Android,PH,1.98
2020-01-29,Android,PL,15.97
2020-01-29,Android,RO,9.99
2020-01-29,Android,RU,18.93
2020-01-29,Android,SE,4.99
2020-01-29,Android,SG,30.96
2020-01-29,Android,TH,3.96
2020-01-29,Android,TW,70.96000000000001
2020-01-29,Android,UA,11.96
2020-01-29,Android,US,980.88
2020-01-29,Android,ZA,9.99
2020-01-29,iOS,AF,19.98
2020-01-29,iOS,AT,9.98
2020-01-29,iOS,BH,19.99
2020-01-29,iOS,BR,0.99
2020-01-29,iOS,BS,49.99
2020-01-29,iOS,CA,14.98
2020-01-29,iOS,CN,218.76
2020-01-29,iOS,DE,19.99
2020-01-29,iOS,DJ,4.99
2020-01-29,iOS,DK,14.98
2020-01-29,iOS,ET,9.99
2020-01-29,iOS,FR,14.98
2020-01-29,iOS,GB,39.98
2020-01-29,iOS,HK,56.92
2020-01-29,iOS,IT,19.99
2020-01-29,iOS,JP,56.92999999999999
2020-01-29,iOS,KR,54.95
2020-01-29,iOS,KZ,0.99
2020-01-29,iOS,LI,2.9699999999999998
2020-01-29,iOS,MP,4.99
2020-01-29,iOS,MX,19.99
2020-01-29,iOS,MY,5.98
2020-01-29,iOS,NZ,0.99
2020-01-29,iOS,RU,112.93
2020-01-29,iOS,SA,10.98
2020-01-29,iOS,TW,0.99
2020-01-29,iOS,UA,1.98
2020-01-29,iOS,US,452.46
2020-01-29,iOS,VN,0.99
2020-01-30,Android,AR,8.95
2020-01-30,Android,AU,11.97
2020-01-30,Android,BR,3.96
2020-01-30,Android,CA,123.92
2020-01-30,Android,CH,2.9699999999999998
2020-01-30,Android,CL,0.99
2020-01-30,Android,CZ,0.99
2020-01-30,Android,DE,161.88
2020-01-30,Android,DK,4.99
2020-01-30,Android,ES,99.99
2020-01-30,Android,FR,12.950000000000001
2020-01-30,Android,GB,35.9
2020-01-30,Android,GR,4.99
2020-01-30,Android,HK,0.99
2020-01-30,Android,ID,1.98
2020-01-30,Android,IN,0.99
2020-01-30,Android,IT,9.99
2020-01-30,Android,JP,144.91
2020-01-30,Android,KR,100.91
2020-01-30,Android,KW,2.98
2020-01-30,Android,KZ,0.99
2020-01-30,Android,MX,25.97
2020-01-30,Android,MY,22.95
2020-01-30,Android,NL,110.97
2020-01-30,Android,NO,0.99
2020-01-30,Android,PL,20.979999999999997
2020-01-30,Android,QA,0.99
2020-01-30,Android,RU,176.85
2020-01-30,Android,SA,5.98
2020-01-30,Android,SE,0.99
2020-01-30,Android,SG,40.96
2020-01-30,Android,SK,4.99
2020-01-30,Android,TR,1.98
2020-01-30,Android,TW,70.91
2020-01-30,Android,UA,0.99
2020-01-30,Android,US,1351.95
2020-01-30,Android,VN,11.97
2020-01-30,iOS,AF,9.99
2020-01-30,iOS,AT,9.99
2020-01-30,iOS,BS,19.99
2020-01-30,iOS,CA,59.97
2020-01-30,iOS,CN,80.76
2020-01-30,iOS,DE,4.99
2020-01-30,iOS,GB,0.99
2020-01-30,iOS,HK,31.96
2020-01-30,iOS,JP,82.89999999999999
2020-01-30,iOS,KR,4.99
2020-01-30,iOS,MX,1.98
2020-01-30,iOS,NL,4.99
2020-01-30,iOS,RU,18.9
2020-01-30,iOS,SA,0.99
2020-01-30,iOS,TH,9.99
2020-01-30,iOS,TR,4.99
2020-01-30,iOS,TW,69.93
2020-01-30,iOS,UA,0.99
2020-01-30,iOS,US,627.51
2020-01-30,iOS,VN,0.99
2020-01-31,Android,AE,19.99
2020-01-31,Android,AT,4.99
2020-01-31,Android,AU,119.97999999999999
2020-01-31,Android,BE,49.97
2020-01-31,Android,BR,3.9699999999999998
2020-01-31,Android,CA,48.910000000000004
2020-01-31,Android,CH,49.97
2020-01-31,Android,CL,0.99
2020-01-31,Android,CR,1.99
2020-01-31,Android,CZ,4.99
2020-01-31,Android,DE,77.91
2020-01-31,Android,ES,0.99
2020-01-31,Android,FR,6.970000000000001
2020-01-31,Android,GB,68.93
2020-01-31,Android,GR,9.99
2020-01-31,Android,HK,29.979999999999997
2020-01-31,Android,HU,29.979999999999997
2020-01-31,Android,IE,4.99
2020-01-31,Android,IN,4.99
2020-01-31,Android,IQ,19.99
2020-01-31,Android,JP,181.89
2020-01-31,Android,KR,266.85
2020-01-31,Android,LV,0.99
2020-01-31,Android,MX,0.99
2020-01-31,Android,MY,1.98
2020-01-31,Android,NL,100.97
2020-01-31,Android,NZ,1.99
2020-01-31,Android,PE,0.99
2020-01-31,Android,PH,0.99
2020-01-31,Android,PL,35.95
2020-01-31,Android,RS,0.99
2020-01-31,Android,RU,48.9
2020-01-31,Android,SE,0.99
2020-01-31,Android,SG,34.97
2020-01-31,Android,SK,15.97
2020-01-31,Android,TH,6.970000000000001
2020-01-31,Android,TW,306.86
2020-01-31,Android,US,1386.81
2020-01-31,Android,VN,9.99
2020-01-31,iOS,AU,19.98
2020-01-31,iOS,BH,19.99
2020-01-31,iOS,BM,19.99
2020-01-31,iOS,BR,45.95
2020-01-31,iOS,CN,330.65999999999997
2020-01-31,iOS,DE,24.979999999999997
2020-01-31,iOS,DK,0.99
2020-01-31,iOS,FR,19.98
2020-01-31,iOS,GB,65.96000000000001
2020-01-31,iOS,HK,20.979999999999997
2020-01-31,iOS,IQ,19.99
2020-01-31,iOS,IT,29.97
2020-01-31,iOS,JP,122.82
2020-01-31,iOS,KR,19.98
2020-01-31,iOS,KW,9.99
2020-01-31,iOS,MX,0.99
2020-01-31,iOS,MY,0.99
2020-01-31,iOS,NZ,1.98
2020-01-31,iOS,RU,19.99
2020-01-31,iOS,SA,29.979999999999997
2020-01-31,iOS,SE,24.97
2020-01-31,iOS,SG,49.99
2020-01-31,iOS,TH,9.99
2020-01-31,iOS,TW,369.9
2020-01-31,iOS,UA,13.950000000000001
2020-01-31,iOS,US,1026.22
2020-01-31,iOS,VN,2.9699999999999998
